{
  "info": {
    "name": "FAQ Assistant API",
    "_postman_id": "faq-assistant-collection",
    "description": "Postman collection for FAQ Assistant: CRUD + AI Suggest",
    "schema": "https://schema.getpostman.com/json/collection/v2.1.0/collection.json"
  },
  "variable": [
    {
      "key": "baseUrl",
      "value": "http://localhost:5078",
      "type": "string"
    }
  ],
  "item": [
    {
      "name": "AI Suggest Answer",
      "request": {
        "method": "POST",
        "header": [
          { "key": "Content-Type", "value": "application/json" }
        ],
        "body": {
          "mode": "raw",
          "raw": "{\n  \"question\": \"How do I update my billing information?\",\n  \"maxTokens\": 200,\n  \"temperature\": 0.2\n}"
        },
        "url": {
          "raw": "{{baseUrl}}/api/faq/suggest",
          "host": ["{{baseUrl}}"],
          "path": ["api","faq","suggest"]
        }
      }
    },
    {
      "name": "Create FAQ",
      "request": {
        "method": "POST",
        "header": [
          { "key": "Content-Type", "value": "application/json" }
        ],
        "body": {
          "mode": "raw",
          "raw": "{\n  \"question\": \"How to view my billing history?\",\n  \"answer\": \"\",\n  \"categoryId\": 1,\n  \"tagIds\": [1,2],\n  \"createdBy\": 1\n}"
        },
        "url": {
          "raw": "{{baseUrl}}/api/faq",
          "host": ["{{baseUrl}}"],
          "path": ["api","faq"]
        }
      }
    },
    {
      "name": "Search FAQs (POST)",
      "request": {
        "method": "POST",
        "header": [
          { "key": "Content-Type", "value": "application/json" }
        ],
        "body": {
          "mode": "raw",
          "raw": "{\n  \"categoryId\": 1,\n  \"tag\": \"Billing\",\n  \"keyword\": \"history\"\n}"
        },
        "url": {
          "raw": "{{baseUrl}}/api/faq/search",
          "host": ["{{baseUrl}}"],
          "path": ["api","faq","search"]
        }
      }
    },
    {
      "name": "Create Category",
      "request": {
        "method": "POST",
        "header": [
          { "key": "Content-Type", "value": "application/json" }
        ],
        "body": {
          "mode": "raw",
          "raw": "{\n  \"name\": \"Billing\",\n  \"description\": \"Billing related queries\",\n  \"createdBy\": 1\n}"
        },
        "url": {
          "raw": "{{baseUrl}}/api/categories",
          "host": ["{{baseUrl}}"],
          "path": ["api","categories"]
        }
      }
    },
    {
      "name": "Create Tag",
      "request": {
        "method": "POST",
        "header": [
          { "key": "Content-Type", "value": "application/json" }
        ],
        "body": {
          "mode": "raw",
          "raw": "{\n  \"name\": \"Invoice\",\n  \"createdBy\": 1\n}"
        },
        "url": {
          "raw": "{{baseUrl}}/api/tags",
          "host": ["{{baseUrl}}"],
          "path": ["api","tags"]
        }
      }
    },
    {
      "name": "Create User",
      "request": {
        "method": "POST",
        "header": [
          { "key": "Content-Type", "value": "application/json" }
        ],
        "body": {
          "mode": "raw",
          "raw": "{\n  \"userName\": \"admin\",\n  \"email\": \"admin@example.com\",\n  \"password\": \"Admin123\",\n  \"createdBy\": 1\n}"
        },
        "url": {
          "raw": "{{baseUrl}}/api/users",
          "host": ["{{baseUrl}}"],
          "path": ["api","users"]
        }
      }
    }
  ]
}
